Month,Category Name,Total_Orders,Avg_Lead_Time,OTD_Pct,Late_Count,Late_Delivery_Pct
2015-01,Accessories,56,3.5357142857142856,42.857142857142854,32,57.14285714285714
2015-01,Baseball & Softball,20,3.9,25.0,15,75.0
2015-01,Boxing & MMA,8,4.5,12.5,7,87.5
2015-01,Camping & Hiking,415,3.436144578313253,48.674698795180724,213,51.325301204819276
2015-01,Cardio Equipment,417,3.6354916067146283,42.44604316546763,240,57.55395683453237
2015-01,Cleats,802,3.5785536159600997,45.885286783042396,434,54.11471321695761
2015-01,Electronics,126,3.5476190476190474,51.587301587301596,61,48.41269841269841
2015-01,Fishing,542,3.488929889298893,46.494464944649444,290,53.50553505535055
2015-01,Fitness Accessories,13,2.5384615384615383,61.53846153846154,5,38.46153846153847
2015-01,Girls' Apparel,38,3.4473684210526314,50.0,19,50.0
2015-01,Golf Apparel,9,4.111111111111111,44.44444444444444,5,55.55555555555556
2015-01,Golf Balls,52,3.4615384615384617,46.15384615384615,28,53.84615384615385
2015-01,Golf Gloves,29,3.3793103448275863,48.275862068965516,15,51.724137931034484
2015-01,Golf Shoes,16,3.375,43.75,9,56.25
2015-01,Hockey,26,3.6538461538461537,57.692307692307686,11,42.30769230769231
2015-01,Hunting & Shooting,17,3.588235294117647,41.17647058823529,10,58.82352941176471
2015-01,Indoor/Outdoor Games,606,3.627062706270627,44.38943894389439,337,55.61056105610561
2015-01,Lacrosse,10,3.7,70.0,3,30.0
2015-01,Men's Footwear,620,3.4870967741935486,51.935483870967744,298,48.064516129032256
2015-01,Shop By Sport,348,3.3132183908045976,47.12643678160919,184,52.87356321839081
2015-01,Tennis & Racquet,16,3.125,31.25,11,68.75
2015-01,Trade-In,38,3.5526315789473686,42.10526315789473,22,57.89473684210527
2015-01,Water Sports,471,3.5010615711252653,43.94904458598726,264,56.05095541401274
2015-01,Women's Apparel,627,3.553429027113238,45.933014354066984,339,54.066985645933016
2015-02,Accessories,52,3.326923076923077,44.230769230769226,29,55.769230769230774
2015-02,Baseball & Softball,18,3.7777777777777777,33.33333333333333,12,66.66666666666666
2015-02,Boxing & MMA,4,2.75,50.0,2,50.0
2015-02,Camping & Hiking,392,3.4260204081632653,45.91836734693878,212,54.08163265306123
2015-02,Cardio Equipment,323,3.4396284829721364,44.58204334365325,179,55.417956656346746
2015-02,Cleats,660,3.4272727272727272,45.909090909090914,357,54.090909090909086
2015-02,Electronics,108,3.4722222222222223,46.2962962962963,58,53.70370370370371
2015-02,Fishing,442,3.3981900452488687,47.963800904977376,230,52.03619909502263
2015-02,Fitness Accessories,7,4.428571428571429,57.14285714285714,3,42.857142857142854
2015-02,Girls' Apparel,51,3.7254901960784315,39.21568627450981,31,60.78431372549019
2015-02,Golf Apparel,11,3.272727272727273,45.45454545454545,6,54.54545454545454
2015-02,Golf Balls,45,3.2444444444444445,48.888888888888886,23,51.11111111111111
2015-02,Golf Gloves,25,3.48,52.0,12,48.0
2015-02,Golf Shoes,15,4.066666666666666,26.666666666666668,11,73.33333333333333
2015-02,Hockey,22,2.8181818181818183,50.0,11,50.0
2015-02,Hunting & Shooting,14,2.142857142857143,64.28571428571429,5,35.714285714285715
2015-02,Indoor/Outdoor Games,520,3.4865384615384616,46.34615384615385,279,53.65384615384615
2015-02,Lacrosse,8,3.875,25.0,6,75.0
2015-02,Men's Footwear,642,3.501557632398754,43.613707165109034,362,56.38629283489096
2015-02,Shop By Sport,315,3.447619047619048,43.80952380952381,177,56.19047619047619
2015-02,Tennis & Racquet,9,4.333333333333333,11.11111111111111,8,88.88888888888889
2015-02,Trade-In,27,3.7777777777777777,33.33333333333333,18,66.66666666666666
2015-02,Water Sports,433,3.579676674364896,41.801385681293304,252,58.198614318706696
2015-02,Women's Apparel,586,3.4795221843003414,47.610921501706486,307,52.389078498293514
2015-03,Accessories,66,3.4393939393939394,36.36363636363637,42,63.63636363636363
2015-03,Baseball & Softball,19,3.5789473684210527,47.368421052631575,10,52.63157894736842
2015-03,Boxing & MMA,13,3.4615384615384617,23.076923076923077,10,76.92307692307693
2015-03,Camping & Hiking,405,3.4864197530864196,43.45679012345679,229,56.54320987654321
2015-03,Cardio Equipment,396,3.4065656565656566,43.686868686868685,223,56.313131313131315
2015-03,Cleats,773,3.5097024579560157,43.72574385510996,435,56.27425614489003
2015-03,Electronics,123,3.4634146341463414,36.58536585365854,78,63.41463414634146
2015-03,Fishing,525,3.375238095238095,50.28571428571429,261,49.714285714285715
2015-03,Fitness Accessories,9,3.5555555555555554,11.11111111111111,8,88.88888888888889
2015-03,Girls' Apparel,46,3.5434782608695654,43.47826086956522,26,56.52173913043478
2015-03,Golf Apparel,6,3.6666666666666665,50.0,3,50.0
2015-03,Golf Balls,68,3.588235294117647,42.64705882352941,39,57.35294117647059
2015-03,Golf Gloves,36,3.388888888888889,52.77777777777778,17,47.22222222222222
2015-03,Golf Shoes,14,3.357142857142857,42.857142857142854,8,57.14285714285714
2015-03,Hockey,17,3.411764705882353,47.05882352941176,9,52.94117647058824
2015-03,Hunting & Shooting,13,3.3846153846153846,53.84615384615385,6,46.15384615384615
2015-03,Indoor/Outdoor Games,635,3.5952755905511813,44.25196850393701,354,55.748031496062985
2015-03,Lacrosse,10,3.4,30.0,7,70.0
2015-03,Men's Footwear,618,3.4773462783171523,44.983818770226534,340,55.016181229773466
2015-03,Shop By Sport,367,3.4523160762942777,47.956403269754766,191,52.043596730245234
2015-03,Tennis & Racquet,15,3.2666666666666666,53.333333333333336,7,46.666666666666664
2015-03,Trade-In,43,3.8372093023255816,44.18604651162791,24,55.81395348837209
2015-03,Water Sports,480,3.379166666666667,47.5,252,52.5
2015-03,Women's Apparel,665,3.443609022556391,44.06015037593985,372,55.939849624060145
2015-04,Accessories,53,3.207547169811321,54.71698113207547,24,45.28301886792453
2015-04,Baseball & Softball,21,3.3333333333333335,52.38095238095239,10,47.61904761904761
2015-04,Boxing & MMA,13,3.0,38.46153846153847,8,61.53846153846154
2015-04,Camping & Hiking,417,3.58273381294964,44.84412470023981,230,55.15587529976019
2015-04,Cardio Equipment,354,3.7033898305084745,43.78531073446328,199,56.21468926553672
2015-04,Cleats,726,3.5991735537190084,48.484848484848484,374,51.515151515151516
2015-04,Electronics,97,3.2783505154639174,43.29896907216495,55,56.70103092783505
2015-04,Fishing,523,3.508604206500956,44.35946462715105,291,55.64053537284895
2015-04,Fitness Accessories,21,3.4761904761904763,38.095238095238095,13,61.904761904761905
2015-04,Girls' Apparel,45,3.2888888888888888,40.0,27,60.0
2015-04,Golf Apparel,12,3.5,58.333333333333336,5,41.66666666666667
2015-04,Golf Balls,56,3.5357142857142856,50.0,28,50.0
2015-04,Golf Gloves,29,3.8620689655172415,37.93103448275862,18,62.06896551724138
2015-04,Golf Shoes,4,3.5,50.0,2,50.0
2015-04,Hockey,16,3.4375,50.0,8,50.0
2015-04,Hunting & Shooting,8,3.25,75.0,2,25.0
2015-04,Indoor/Outdoor Games,569,3.4481546572934976,49.73637961335677,286,50.26362038664324
2015-04,Lacrosse,10,3.5,50.0,5,50.0
2015-04,Men's Footwear,653,3.490045941807044,45.78866768759571,354,54.211332312404295
2015-04,Shop By Sport,306,3.4705882352941178,44.11764705882353,171,55.88235294117647
2015-04,Tennis & Racquet,7,2.857142857142857,57.14285714285714,3,42.857142857142854
2015-04,Trade-In,35,3.6285714285714286,42.857142857142854,20,57.14285714285714
2015-04,Water Sports,489,3.478527607361963,46.216768916155424,263,53.78323108384458
2015-04,Women's Apparel,662,3.4486404833836857,46.37462235649547,355,53.625377643504535
2015-05,Accessories,70,3.157142857142857,42.857142857142854,40,57.14285714285714
2015-05,Baseball & Softball,26,3.269230769230769,42.30769230769231,15,57.692307692307686
2015-05,Boxing & MMA,12,3.5833333333333335,25.0,9,75.0
2015-05,Camping & Hiking,392,3.4464285714285716,44.89795918367347,216,55.10204081632652
2015-05,Cardio Equipment,461,3.386117136659436,45.98698481561822,249,54.01301518438177
2015-05,Cleats,750,3.474666666666667,46.53333333333333,401,53.46666666666666
2015-05,Electronics,120,3.3666666666666667,44.166666666666664,67,55.833333333333336
2015-05,Fishing,516,3.5155038759689923,43.02325581395349,294,56.97674418604651
2015-05,Fitness Accessories,10,3.5,30.0,7,70.0
2015-05,Girls' Apparel,41,3.4390243902439024,46.34146341463415,22,53.65853658536586
2015-05,Golf Apparel,11,4.454545454545454,36.36363636363637,7,63.63636363636363
2015-05,Golf Balls,64,3.40625,45.3125,35,54.6875
2015-05,Golf Gloves,43,3.4186046511627906,53.48837209302325,20,46.51162790697674
2015-05,Golf Shoes,14,3.5714285714285716,64.28571428571429,5,35.714285714285715
2015-05,Hockey,31,3.161290322580645,51.61290322580645,15,48.38709677419355
2015-05,Hunting & Shooting,9,3.6666666666666665,22.22222222222222,7,77.77777777777779
2015-05,Indoor/Outdoor Games,596,3.3808724832214767,45.80536912751678,323,54.194630872483216
2015-05,Lacrosse,14,3.857142857142857,28.57142857142857,10,71.42857142857143
2015-05,Men's Footwear,644,3.436335403726708,46.273291925465834,346,53.72670807453416
2015-05,Shop By Sport,355,3.5492957746478875,41.12676056338028,209,58.87323943661972
2015-05,Tennis & Racquet,7,4.142857142857143,42.857142857142854,4,57.14285714285714
2015-05,Trade-In,27,3.3703703703703702,40.74074074074074,16,59.25925925925925
2015-05,Water Sports,495,3.416161616161616,45.45454545454545,270,54.54545454545454
2015-05,Women's Apparel,649,3.477657935285054,42.3728813559322,374,57.6271186440678
2015-06,Accessories,65,3.476923076923077,47.69230769230769,34,52.307692307692314
2015-06,Baseball & Softball,16,3.5,56.25,7,43.75
2015-06,Boxing & MMA,7,3.142857142857143,57.14285714285714,3,42.857142857142854
2015-06,Camping & Hiking,411,3.4793187347931873,48.41849148418492,212,51.58150851581509
2015-06,Cardio Equipment,433,3.459584295612009,49.65357967667436,218,50.34642032332564
2015-06,Cleats,722,3.5235457063711912,46.26038781163435,388,53.73961218836565
2015-06,Electronics,109,3.1376146788990824,50.45871559633027,54,49.54128440366973
2015-06,Fishing,538,3.503717472118959,43.30855018587361,305,56.69144981412639
2015-06,Fitness Accessories,10,2.7,30.0,7,70.0
2015-06,Girls' Apparel,51,3.5098039215686274,41.17647058823529,30,58.82352941176471
2015-06,Golf Apparel,12,3.0,58.333333333333336,5,41.66666666666667
2015-06,Golf Balls,46,3.717391304347826,39.130434782608695,28,60.86956521739131
2015-06,Golf Gloves,28,3.0357142857142856,46.42857142857143,15,53.57142857142857
2015-06,Golf Shoes,16,3.5,25.0,12,75.0
2015-06,Hockey,26,3.423076923076923,50.0,13,50.0
2015-06,Hunting & Shooting,9,3.5555555555555554,33.33333333333333,6,66.66666666666666
2015-06,Indoor/Outdoor Games,557,3.5547576301615798,45.601436265709154,303,54.39856373429084
2015-06,Lacrosse,5,3.8,60.0,2,40.0
2015-06,Men's Footwear,666,3.5675675675675675,44.74474474474475,368,55.25525525525525
2015-06,Shop By Sport,316,3.5,49.050632911392405,161,50.9493670886076
2015-06,Tennis & Racquet,10,3.3,40.0,6,60.0
2015-06,Trade-In,30,3.533333333333333,33.33333333333333,20,66.66666666666666
2015-06,Water Sports,460,3.4717391304347824,43.04347826086957,262,56.95652173913044
2015-06,Women's Apparel,591,3.5194585448392557,46.192893401015226,318,53.80710659898477
2015-07,Accessories,68,4.044117647058823,35.294117647058826,44,64.70588235294117
2015-07,Baseball & Softball,25,3.24,56.00000000000001,11,44.0
2015-07,Boxing & MMA,5,2.8,60.0,2,40.0
2015-07,Camping & Hiking,412,3.3567961165048543,48.05825242718447,214,51.94174757281553
2015-07,Cardio Equipment,381,3.540682414698163,44.35695538057743,212,55.643044619422575
2015-07,Cleats,748,3.3302139037433154,46.3903743315508,401,53.6096256684492
2015-07,Electronics,119,3.4705882352941178,47.05882352941176,63,52.94117647058824
2015-07,Fishing,515,3.5980582524271845,41.94174757281554,299,58.05825242718446
2015-07,Fitness Accessories,6,4.333333333333333,50.0,3,50.0
2015-07,Girls' Apparel,49,3.7346938775510203,36.734693877551024,31,63.26530612244898
2015-07,Golf Apparel,15,3.1333333333333333,20.0,12,80.0
2015-07,Golf Balls,48,3.5416666666666665,47.91666666666667,25,52.083333333333336
2015-07,Golf Gloves,29,4.0344827586206895,41.37931034482759,17,58.620689655172406
2015-07,Golf Shoes,11,2.727272727272727,54.54545454545454,5,45.45454545454545
2015-07,Hockey,17,2.5294117647058822,52.94117647058824,8,47.05882352941176
2015-07,Hunting & Shooting,13,3.769230769230769,38.46153846153847,8,61.53846153846154
2015-07,Indoor/Outdoor Games,614,3.3925081433224755,43.811074918566774,345,56.188925081433226
2015-07,Lacrosse,10,3.6,40.0,6,60.0
2015-07,Men's Footwear,664,3.3298192771084336,44.72891566265061,367,55.27108433734939
2015-07,Shop By Sport,331,3.3836858006042294,45.31722054380665,181,54.68277945619335
2015-07,Tennis & Racquet,16,3.375,43.75,9,56.25
2015-07,Trade-In,33,3.8484848484848486,45.45454545454545,18,54.54545454545454
2015-07,Water Sports,472,3.455508474576271,46.39830508474576,253,53.60169491525424
2015-07,Women's Apparel,698,3.504297994269341,46.70487106017192,372,53.29512893982808
2015-08,Accessories,64,3.46875,42.1875,37,57.8125
2015-08,Baseball & Softball,14,3.857142857142857,28.57142857142857,10,71.42857142857143
2015-08,Boxing & MMA,9,3.2222222222222223,66.66666666666666,3,33.33333333333333
2015-08,Camping & Hiking,407,3.5356265356265357,43.48894348894349,230,56.51105651105651
2015-08,Cardio Equipment,375,3.3653333333333335,42.66666666666667,215,57.333333333333336
2015-08,Cleats,801,3.383270911360799,44.694132334581774,443,55.305867665418226
2015-08,Electronics,119,3.630252100840336,43.69747899159664,67,56.30252100840336
2015-08,Fishing,509,3.3948919449901767,42.43614931237721,293,57.56385068762279
2015-08,Fitness Accessories,11,2.4545454545454546,54.54545454545454,5,45.45454545454545
2015-08,Girls' Apparel,40,3.425,52.5,19,47.5
2015-08,Golf Apparel,17,4.0,41.17647058823529,10,58.82352941176471
2015-08,Golf Balls,63,3.365079365079365,50.79365079365079,31,49.2063492063492
2015-08,Golf Gloves,23,3.1739130434782608,47.82608695652174,12,52.17391304347826
2015-08,Golf Shoes,9,3.6666666666666665,55.55555555555556,4,44.44444444444444
2015-08,Hockey,27,3.4074074074074074,55.55555555555556,12,44.44444444444444
2015-08,Hunting & Shooting,20,3.5,35.0,13,65.0
2015-08,Indoor/Outdoor Games,524,3.4083969465648853,45.038167938931295,288,54.961832061068705
2015-08,Lacrosse,12,2.4166666666666665,75.0,3,25.0
2015-08,Men's Footwear,688,3.4694767441860463,43.02325581395349,392,56.97674418604651
2015-08,Shop By Sport,347,3.561959654178674,43.51585014409222,196,56.48414985590778
2015-08,Tennis & Racquet,13,4.3076923076923075,23.076923076923077,10,76.92307692307693
2015-08,Trade-In,30,3.7666666666666666,50.0,15,50.0
2015-08,Water Sports,488,3.4508196721311477,44.4672131147541,271,55.5327868852459
2015-08,Women's Apparel,663,3.4615384615384617,44.79638009049774,366,55.203619909502265
2015-09,Accessories,61,3.3114754098360657,50.81967213114754,30,49.18032786885246
2015-09,Baseball & Softball,25,3.28,56.00000000000001,11,44.0
2015-09,Boxing & MMA,9,3.111111111111111,55.55555555555556,4,44.44444444444444
2015-09,Camping & Hiking,436,3.346330275229358,47.706422018348626,228,52.293577981651374
2015-09,Cardio Equipment,377,3.5676392572944295,43.50132625994695,213,56.49867374005305
2015-09,Cleats,726,3.4834710743801653,42.561983471074385,417,57.438016528925615
2015-09,Electronics,118,3.483050847457627,40.67796610169492,70,59.32203389830508
2015-09,Fishing,508,3.5393700787401574,38.77952755905512,311,61.22047244094488
2015-09,Fitness Accessories,11,3.4545454545454546,54.54545454545454,5,45.45454545454545
2015-09,Girls' Apparel,41,3.658536585365854,56.09756097560976,18,43.90243902439025
2015-09,Golf Apparel,7,4.571428571428571,28.57142857142857,5,71.42857142857143
2015-09,Golf Balls,49,3.63265306122449,40.816326530612244,29,59.183673469387756
2015-09,Golf Gloves,29,3.689655172413793,34.48275862068966,19,65.51724137931035
2015-09,Golf Shoes,7,3.0,42.857142857142854,4,57.14285714285714
2015-09,Hockey,19,4.157894736842105,52.63157894736842,9,47.368421052631575
2015-09,Hunting & Shooting,12,3.75,50.0,6,50.0
2015-09,Indoor/Outdoor Games,579,3.5803108808290154,40.06908462867012,347,59.930915371329874
2015-09,Lacrosse,7,4.0,42.857142857142854,4,57.14285714285714
2015-09,Men's Footwear,678,3.5073746312684366,41.150442477876105,399,58.849557522123895
2015-09,Shop By Sport,335,3.4656716417910447,44.47761194029851,186,55.52238805970149
2015-09,Tennis & Racquet,13,3.769230769230769,38.46153846153847,8,61.53846153846154
2015-09,Trade-In,23,3.782608695652174,56.52173913043478,10,43.47826086956522
2015-09,Water Sports,436,3.56651376146789,40.596330275229356,259,59.403669724770644
2015-09,Women's Apparel,634,3.4873817034700316,46.214511041009466,341,53.785488958990534
2015-10,Accessories,67,3.3582089552238807,40.298507462686565,40,59.70149253731343
2015-10,Baseball & Softball,14,2.5714285714285716,57.14285714285714,6,42.857142857142854
2015-10,Boxing & MMA,13,3.5384615384615383,46.15384615384615,7,53.84615384615385
2015-10,Camping & Hiking,428,3.52803738317757,47.66355140186916,224,52.336448598130836
2015-10,Cardio Equipment,415,3.2313253012048193,48.433734939759034,214,51.566265060240966
2015-10,Cleats,732,3.4153005464480874,46.03825136612022,395,53.96174863387978
2015-10,Electronics,101,3.6930693069306932,33.663366336633665,67,66.33663366336634
2015-10,Fishing,524,3.4522900763358777,45.038167938931295,288,54.961832061068705
2015-10,Fitness Accessories,16,4.625,31.25,11,68.75
2015-10,Girls' Apparel,55,3.3454545454545452,40.0,33,60.0
2015-10,Golf Apparel,9,3.111111111111111,77.77777777777779,2,22.22222222222222
2015-10,Golf Balls,59,3.5762711864406778,47.45762711864407,31,52.54237288135594
2015-10,Golf Gloves,22,3.1818181818181817,54.54545454545454,10,45.45454545454545
2015-10,Golf Shoes,11,3.3636363636363638,45.45454545454545,6,54.54545454545454
2015-10,Hockey,21,3.380952380952381,47.61904761904761,11,52.38095238095239
2015-10,Hunting & Shooting,8,3.0,50.0,4,50.0
2015-10,Indoor/Outdoor Games,594,3.442760942760943,47.97979797979798,309,52.02020202020202
2015-10,Lacrosse,14,3.642857142857143,35.714285714285715,9,64.28571428571429
2015-10,Men's Footwear,677,3.4268833087149186,47.11964549483013,358,52.88035450516987
2015-10,Shop By Sport,351,3.572649572649573,40.74074074074074,208,59.25925925925925
2015-10,Tennis & Racquet,9,3.4444444444444446,55.55555555555556,4,44.44444444444444
2015-10,Trade-In,25,3.4,40.0,15,60.0
2015-10,Water Sports,484,3.4132231404958677,46.28099173553719,260,53.71900826446281
2015-10,Women's Apparel,653,3.4992343032159265,45.176110260336905,358,54.82388973966309
2015-11,Accessories,74,3.6486486486486487,35.13513513513514,48,64.86486486486487
2015-11,Baseball & Softball,19,4.052631578947368,42.10526315789473,11,57.89473684210527
2015-11,Boxing & MMA,11,4.2727272727272725,36.36363636363637,7,63.63636363636363
2015-11,Camping & Hiking,430,3.562790697674419,42.55813953488372,247,57.44186046511628
2015-11,Cardio Equipment,367,3.455040871934605,46.86648501362398,195,53.13351498637602
2015-11,Cleats,733,3.499317871759891,46.1118690313779,395,53.88813096862211
2015-11,Electronics,137,3.7372262773722627,37.95620437956204,85,62.04379562043796
2015-11,Fishing,539,3.5714285714285716,44.15584415584416,301,55.84415584415584
2015-11,Fitness Accessories,15,3.6666666666666665,40.0,9,60.0
2015-11,Girls' Apparel,36,3.1944444444444446,47.22222222222222,19,52.77777777777778
2015-11,Golf Apparel,12,4.416666666666667,25.0,9,75.0
2015-11,Golf Balls,60,3.55,40.0,36,60.0
2015-11,Golf Gloves,44,3.5681818181818183,47.72727272727273,23,52.27272727272727
2015-11,Golf Shoes,9,3.888888888888889,22.22222222222222,7,77.77777777777779
2015-11,Hockey,20,3.7,40.0,12,60.0
2015-11,Hunting & Shooting,16,3.6875,50.0,8,50.0
2015-11,Indoor/Outdoor Games,601,3.415973377703827,46.422628951747086,322,53.57737104825291
2015-11,Lacrosse,6,3.8333333333333335,16.666666666666664,5,83.33333333333334
2015-11,Men's Footwear,661,3.447806354009077,47.0499243570348,350,52.9500756429652
2015-11,Shop By Sport,356,3.5,46.348314606741575,191,53.65168539325843
2015-11,Tennis & Racquet,10,3.3,60.0,4,40.0
2015-11,Trade-In,33,3.242424242424242,60.60606060606061,13,39.39393939393939
2015-11,Water Sports,464,3.497844827586207,45.258620689655174,254,54.741379310344826
2015-11,Women's Apparel,582,3.3470790378006874,49.65635738831615,293,50.34364261168385
2015-12,Accessories,60,3.5,40.0,36,60.0
2015-12,Baseball & Softball,25,2.68,72.0,7,28.000000000000004
2015-12,Boxing & MMA,13,3.3076923076923075,46.15384615384615,7,53.84615384615385
2015-12,Camping & Hiking,389,3.5552699228791775,43.70179948586118,219,56.29820051413882
2015-12,Cardio Equipment,375,3.2506666666666666,48.266666666666666,194,51.733333333333334
2015-12,Cleats,742,3.429919137466307,42.99191374663073,423,57.00808625336927
2015-12,Electronics,140,3.335714285714286,44.285714285714285,78,55.714285714285715
2015-12,Fishing,560,3.494642857142857,43.92857142857143,314,56.07142857142857
2015-12,Fitness Accessories,11,3.4545454545454546,63.63636363636363,4,36.36363636363637
2015-12,Girls' Apparel,43,3.4186046511627906,30.23255813953488,30,69.76744186046511
2015-12,Golf Apparel,14,3.142857142857143,57.14285714285714,6,42.857142857142854
2015-12,Golf Balls,56,3.3214285714285716,50.0,28,50.0
2015-12,Golf Gloves,27,3.2222222222222223,55.55555555555556,12,44.44444444444444
2015-12,Golf Shoes,12,4.083333333333333,33.33333333333333,8,66.66666666666666
2015-12,Hockey,29,3.4827586206896552,34.48275862068966,19,65.51724137931035
2015-12,Hunting & Shooting,7,4.0,28.57142857142857,5,71.42857142857143
2015-12,Indoor/Outdoor Games,628,3.3519108280254777,50.0,314,50.0
2015-12,Lacrosse,10,3.2,20.0,8,80.0
2015-12,Men's Footwear,721,3.449375866851595,44.382801664355064,401,55.617198335644936
2015-12,Shop By Sport,348,3.4339080459770117,47.12643678160919,184,52.87356321839081
2015-12,Tennis & Racquet,14,4.0,42.857142857142854,8,57.14285714285714
2015-12,Trade-In,40,3.6,42.5,23,57.49999999999999
2015-12,Water Sports,498,3.4698795180722892,42.570281124497996,286,57.42971887550201
2015-12,Women's Apparel,609,3.5582922824302137,44.006568144499184,341,55.993431855500816
2016-01,Accessories,64,2.9375,42.1875,37,57.8125
2016-01,Baseball & Softball,16,3.75,37.5,10,62.5
2016-01,Boxing & MMA,10,4.0,50.0,5,50.0
2016-01,Camping & Hiking,416,3.485576923076923,41.82692307692308,242,58.17307692307693
2016-01,Cardio Equipment,402,3.5920398009950247,41.29353233830846,236,58.70646766169154
2016-01,Cleats,748,3.5454545454545454,44.38502673796791,416,55.61497326203209
2016-01,Electronics,108,3.25,46.2962962962963,58,53.70370370370371
2016-01,Fishing,553,3.338155515370705,49.186256781193485,281,50.81374321880651
2016-01,Fitness Accessories,14,4.214285714285714,7.142857142857142,13,92.85714285714286
2016-01,Girls' Apparel,31,4.0,38.70967741935484,19,61.29032258064516
2016-01,Golf Apparel,9,3.4444444444444446,44.44444444444444,5,55.55555555555556
2016-01,Golf Balls,63,3.507936507936508,38.095238095238095,39,61.904761904761905
2016-01,Golf Gloves,23,3.652173913043478,34.78260869565217,15,65.21739130434783
2016-01,Golf Shoes,7,3.4285714285714284,42.857142857142854,4,57.14285714285714
2016-01,Hockey,28,3.857142857142857,32.142857142857146,19,67.85714285714286
2016-01,Hunting & Shooting,9,3.7777777777777777,22.22222222222222,7,77.77777777777779
2016-01,Indoor/Outdoor Games,607,3.4382207578253707,47.44645799011532,319,52.55354200988468
2016-01,Lacrosse,5,4.0,60.0,2,40.0
2016-01,Men's Footwear,683,3.392386530014641,48.75549048316252,350,51.244509516837475
2016-01,Shop By Sport,326,3.5276073619631902,44.785276073619634,180,55.21472392638037
2016-01,Tennis & Racquet,9,3.111111111111111,44.44444444444444,5,55.55555555555556
2016-01,Trade-In,34,3.0588235294117645,55.88235294117647,15,44.11764705882353
2016-01,Water Sports,454,3.4008810572687223,44.49339207048458,252,55.50660792951542
2016-01,Women's Apparel,698,3.4040114613180514,43.83954154727794,392,56.16045845272206
2016-02,Accessories,59,3.440677966101695,45.76271186440678,32,54.23728813559322
2016-02,Baseball & Softball,20,4.75,25.0,15,75.0
2016-02,Boxing & MMA,10,3.8,50.0,5,50.0
2016-02,Camping & Hiking,383,3.647519582245431,44.38642297650131,213,55.61357702349869
2016-02,Cardio Equipment,355,3.5887323943661973,41.12676056338028,209,58.87323943661972
2016-02,Cleats,674,3.477744807121662,44.65875370919881,373,55.34124629080118
2016-02,Electronics,116,3.5517241379310347,44.827586206896555,64,55.172413793103445
2016-02,Fishing,518,3.611969111969112,45.75289575289575,281,54.24710424710425
2016-02,Fitness Accessories,8,3.0,62.5,3,37.5
2016-02,Girls' Apparel,49,3.5510204081632653,55.10204081632652,22,44.89795918367347
2016-02,Golf Apparel,9,2.6666666666666665,66.66666666666666,3,33.33333333333333
2016-02,Golf Balls,58,3.310344827586207,53.44827586206896,27,46.55172413793103
2016-02,Golf Gloves,30,3.566666666666667,50.0,15,50.0
2016-02,Golf Shoes,10,2.9,40.0,6,60.0
2016-02,Hockey,14,3.9285714285714284,42.857142857142854,8,57.14285714285714
2016-02,Hunting & Shooting,11,3.090909090909091,45.45454545454545,6,54.54545454545454
2016-02,Indoor/Outdoor Games,573,3.4572425828970332,48.86561954624782,293,51.13438045375218
2016-02,Lacrosse,7,4.285714285714286,57.14285714285714,3,42.857142857142854
2016-02,Men's Footwear,635,3.5496062992125985,45.82677165354331,344,54.17322834645669
2016-02,Shop By Sport,300,3.4833333333333334,41.66666666666667,175,58.333333333333336
2016-02,Tennis & Racquet,13,3.4615384615384617,69.23076923076923,4,30.76923076923077
2016-02,Trade-In,31,3.3548387096774195,48.38709677419355,16,51.61290322580645
2016-02,Water Sports,428,3.539719626168224,46.02803738317757,231,53.97196261682243
2016-02,Women's Apparel,583,3.607204116638079,43.739279588336196,328,56.26072041166381
2016-03,Accessories,63,3.0793650793650795,52.38095238095239,30,47.61904761904761
2016-03,Baseball & Softball,20,3.55,40.0,12,60.0
2016-03,Boxing & MMA,8,3.5,50.0,4,50.0
2016-03,Camping & Hiking,433,3.5242494226327943,44.80369515011547,239,55.19630484988453
2016-03,Cardio Equipment,366,3.439890710382514,44.80874316939891,202,55.19125683060109
2016-03,Cleats,798,3.463659147869674,42.10526315789473,462,57.89473684210527
2016-03,Electronics,105,3.676190476190476,40.95238095238095,62,59.04761904761905
2016-03,Fishing,528,3.375,50.0,264,50.0
2016-03,Fitness Accessories,10,3.9,50.0,5,50.0
2016-03,Girls' Apparel,45,3.6222222222222222,44.44444444444444,25,55.55555555555556
2016-03,Golf Apparel,8,3.125,62.5,3,37.5
2016-03,Golf Balls,39,3.4871794871794872,51.28205128205128,19,48.717948717948715
2016-03,Golf Gloves,37,3.4594594594594597,40.54054054054054,22,59.45945945945946
2016-03,Golf Shoes,8,4.0,0.0,8,100.0
2016-03,Hockey,21,3.6666666666666665,23.809523809523807,16,76.19047619047619
2016-03,Hunting & Shooting,12,3.0,50.0,6,50.0
2016-03,Indoor/Outdoor Games,574,3.3292682926829267,47.21254355400697,303,52.78745644599303
2016-03,Lacrosse,12,3.9166666666666665,25.0,9,75.0
2016-03,Men's Footwear,675,3.4725925925925925,46.370370370370374,362,53.629629629629626
2016-03,Shop By Sport,323,3.461300309597523,41.17647058823529,190,58.82352941176471
2016-03,Tennis & Racquet,12,3.5,33.33333333333333,8,66.66666666666666
2016-03,Trade-In,43,3.3255813953488373,55.81395348837209,19,44.18604651162791
2016-03,Water Sports,453,3.5386313465783665,42.384105960264904,261,57.615894039735096
2016-03,Women's Apparel,617,3.3905996758508916,44.73257698541329,341,55.26742301458671
2016-04,Accessories,79,3.430379746835443,46.835443037974684,42,53.16455696202531
2016-04,Baseball & Softball,24,3.375,58.333333333333336,10,41.66666666666667
2016-04,Boxing & MMA,5,4.0,40.0,3,60.0
2016-04,Camping & Hiking,384,3.515625,50.78125,189,49.21875
2016-04,Cardio Equipment,362,3.5580110497237567,44.47513812154696,201,55.52486187845304
2016-04,Cleats,739,3.5656292286874156,45.87280108254398,400,54.12719891745602
2016-04,Electronics,92,3.2282608695652173,50.0,46,50.0
2016-04,Fishing,527,3.5901328273244784,44.97153700189753,290,55.02846299810247
2016-04,Fitness Accessories,10,4.6,30.0,7,70.0
2016-04,Girls' Apparel,42,3.380952380952381,47.61904761904761,22,52.38095238095239
2016-04,Golf Apparel,11,3.727272727272727,72.72727272727273,3,27.27272727272727
2016-04,Golf Balls,45,3.6,44.44444444444444,25,55.55555555555556
2016-04,Golf Gloves,27,3.1481481481481484,44.44444444444444,15,55.55555555555556
2016-04,Golf Shoes,15,3.6666666666666665,26.666666666666668,11,73.33333333333333
2016-04,Hockey,17,3.176470588235294,64.70588235294117,6,35.294117647058826
2016-04,Hunting & Shooting,11,2.727272727272727,36.36363636363637,7,63.63636363636363
2016-04,Indoor/Outdoor Games,580,3.4051724137931036,43.79310344827586,326,56.20689655172414
2016-04,Lacrosse,14,3.2857142857142856,35.714285714285715,9,64.28571428571429
2016-04,Men's Footwear,683,3.5095168374816983,45.095168374816986,375,54.904831625183014
2016-04,Shop By Sport,331,3.6435045317220545,40.181268882175225,198,59.818731117824775
2016-04,Tennis & Racquet,18,3.7222222222222223,27.77777777777778,13,72.22222222222221
2016-04,Trade-In,39,3.641025641025641,48.717948717948715,20,51.28205128205128
2016-04,Water Sports,429,3.5314685314685317,42.89044289044289,245,57.10955710955711
2016-04,Women's Apparel,613,3.3866231647634586,44.37194127243067,341,55.62805872756933
2016-05,Accessories,77,3.3376623376623376,45.45454545454545,42,54.54545454545454
2016-05,Baseball & Softball,22,3.5454545454545454,40.909090909090914,13,59.09090909090909
2016-05,Boxing & MMA,12,4.0,33.33333333333333,8,66.66666666666666
2016-05,Camping & Hiking,426,3.375586854460094,46.71361502347418,227,53.286384976525824
2016-05,Cardio Equipment,325,3.48,40.92307692307692,192,59.07692307692308
2016-05,Cleats,802,3.5586034912718203,41.895261845386536,466,58.104738154613464
2016-05,Electronics,110,3.1545454545454548,48.18181818181818,57,51.81818181818182
2016-05,Fishing,502,3.310756972111554,49.40239043824701,254,50.59760956175299
2016-05,Fitness Accessories,13,3.230769230769231,46.15384615384615,7,53.84615384615385
2016-05,Girls' Apparel,49,3.2448979591836733,61.224489795918366,19,38.775510204081634
2016-05,Golf Apparel,11,3.5454545454545454,54.54545454545454,5,45.45454545454545
2016-05,Golf Balls,50,3.1,64.0,18,36.0
2016-05,Golf Gloves,33,3.8181818181818183,39.39393939393939,20,60.60606060606061
2016-05,Golf Shoes,14,3.142857142857143,57.14285714285714,6,42.857142857142854
2016-05,Hockey,21,3.380952380952381,47.61904761904761,11,52.38095238095239
2016-05,Hunting & Shooting,8,3.125,12.5,7,87.5
2016-05,Indoor/Outdoor Games,599,3.4056761268781304,45.07512520868113,329,54.92487479131887
2016-05,Lacrosse,6,3.8333333333333335,50.0,3,50.0
2016-05,Men's Footwear,677,3.4903988183161005,44.16543574593796,378,55.83456425406204
2016-05,Shop By Sport,332,3.5180722891566263,42.77108433734939,190,57.22891566265061
2016-05,Tennis & Racquet,10,4.0,30.0,7,70.0
2016-05,Trade-In,31,3.032258064516129,41.935483870967744,18,58.06451612903226
2016-05,Water Sports,516,3.496124031007752,44.57364341085272,286,55.42635658914728
2016-05,Women's Apparel,656,3.4405487804878048,42.3780487804878,378,57.62195121951219
2016-06,Accessories,56,3.375,37.5,35,62.5
2016-06,Baseball & Softball,13,3.6923076923076925,46.15384615384615,7,53.84615384615385
2016-06,Boxing & MMA,11,2.8181818181818183,45.45454545454545,6,54.54545454545454
2016-06,Camping & Hiking,421,3.489311163895487,45.605700712589076,229,54.39429928741093
2016-06,Cardio Equipment,360,3.513888888888889,47.22222222222222,190,52.77777777777778
2016-06,Cleats,728,3.519230769230769,44.230769230769226,406,55.769230769230774
2016-06,Electronics,117,3.3675213675213675,45.2991452991453,64,54.700854700854705
2016-06,Fishing,546,3.532967032967033,41.208791208791204,321,58.791208791208796
2016-06,Fitness Accessories,6,4.0,33.33333333333333,4,66.66666666666666
2016-06,Girls' Apparel,49,3.510204081632653,40.816326530612244,29,59.183673469387756
2016-06,Golf Apparel,9,3.6666666666666665,33.33333333333333,6,66.66666666666666
2016-06,Golf Balls,53,3.2830188679245285,50.943396226415096,26,49.056603773584904
2016-06,Golf Gloves,27,3.037037037037037,59.25925925925925,11,40.74074074074074
2016-06,Golf Shoes,11,3.1818181818181817,36.36363636363637,7,63.63636363636363
2016-06,Hockey,20,3.15,55.00000000000001,9,45.0
2016-06,Hunting & Shooting,11,3.0,72.72727272727273,3,27.27272727272727
2016-06,Indoor/Outdoor Games,525,3.4723809523809526,47.23809523809524,277,52.761904761904766
2016-06,Lacrosse,11,2.3636363636363638,54.54545454545454,5,45.45454545454545
2016-06,Men's Footwear,672,3.544642857142857,42.26190476190476,388,57.738095238095234
2016-06,Shop By Sport,321,3.526479750778816,43.30218068535825,182,56.69781931464174
2016-06,Tennis & Racquet,14,3.0714285714285716,42.857142857142854,8,57.14285714285714
2016-06,Trade-In,23,3.391304347826087,39.130434782608695,14,60.86956521739131
2016-06,Water Sports,411,3.6180048661800486,45.01216545012166,226,54.98783454987834
2016-06,Women's Apparel,639,3.5805946791862286,41.62754303599374,373,58.37245696400626
2016-07,Accessories,61,3.7704918032786887,47.540983606557376,32,52.459016393442624
2016-07,Baseball & Softball,36,3.4444444444444446,50.0,18,50.0
2016-07,Boxing & MMA,14,3.2142857142857144,21.428571428571427,11,78.57142857142857
2016-07,Camping & Hiking,418,3.4043062200956937,45.21531100478469,229,54.78468899521531
2016-07,Cardio Equipment,375,3.4266666666666667,53.333333333333336,175,46.666666666666664
2016-07,Cleats,728,3.418956043956044,47.66483516483517,381,52.33516483516484
2016-07,Electronics,114,3.456140350877193,38.59649122807017,70,61.40350877192983
2016-07,Fishing,523,3.434034416826004,45.506692160611856,285,54.49330783938815
2016-07,Fitness Accessories,8,3.875,25.0,6,75.0
2016-07,Girls' Apparel,46,3.0434782608695654,43.47826086956522,26,56.52173913043478
2016-07,Golf Apparel,11,3.8181818181818183,36.36363636363637,7,63.63636363636363
2016-07,Golf Balls,51,3.5686274509803924,43.13725490196079,29,56.86274509803921
2016-07,Golf Gloves,26,3.3846153846153846,53.84615384615385,12,46.15384615384615
2016-07,Golf Shoes,11,2.5454545454545454,54.54545454545454,5,45.45454545454545
2016-07,Hockey,27,3.4814814814814814,51.85185185185185,13,48.148148148148145
2016-07,Hunting & Shooting,10,4.3,30.0,7,70.0
2016-07,Indoor/Outdoor Games,610,3.365573770491803,45.08196721311475,335,54.91803278688525
2016-07,Lacrosse,9,4.555555555555555,22.22222222222222,7,77.77777777777779
2016-07,Men's Footwear,687,3.497816593886463,45.70596797671033,373,54.29403202328966
2016-07,Shop By Sport,319,3.3072100313479624,48.589341692789965,164,51.410658307210035
2016-07,Tennis & Racquet,14,3.357142857142857,64.28571428571429,5,35.714285714285715
2016-07,Trade-In,36,4.027777777777778,36.11111111111111,23,63.888888888888886
2016-07,Water Sports,515,3.4310679611650485,45.43689320388349,281,54.5631067961165
2016-07,Women's Apparel,656,3.403963414634146,49.542682926829265,331,50.45731707317073
2016-08,Accessories,49,3.4081632653061225,36.734693877551024,31,63.26530612244898
2016-08,Baseball & Softball,12,2.8333333333333335,75.0,3,25.0
2016-08,Boxing & MMA,15,3.1333333333333333,53.333333333333336,7,46.666666666666664
2016-08,Camping & Hiking,419,3.4916467780429596,46.30071599045346,225,53.699284009546545
2016-08,Cardio Equipment,406,3.3842364532019706,42.857142857142854,232,57.14285714285714
2016-08,Cleats,761,3.5873850197109065,43.36399474375821,431,56.63600525624178
2016-08,Electronics,124,3.620967741935484,42.74193548387097,71,57.25806451612904
2016-08,Fishing,534,3.3764044943820224,48.50187265917603,275,51.49812734082397
2016-08,Fitness Accessories,16,3.25,50.0,8,50.0
2016-08,Girls' Apparel,41,3.5853658536585367,46.34146341463415,22,53.65853658536586
2016-08,Golf Apparel,16,3.625,43.75,9,56.25
2016-08,Golf Balls,38,3.3684210526315788,44.73684210526316,21,55.26315789473685
2016-08,Golf Gloves,41,3.6341463414634148,48.78048780487805,21,51.21951219512195
2016-08,Golf Shoes,11,4.0,36.36363636363637,7,63.63636363636363
2016-08,Hockey,26,3.6538461538461537,50.0,13,50.0
2016-08,Hunting & Shooting,11,3.727272727272727,27.27272727272727,8,72.72727272727273
2016-08,Indoor/Outdoor Games,554,3.523465703971119,46.02888086642599,299,53.97111913357401
2016-08,Lacrosse,6,3.1666666666666665,66.66666666666666,2,33.33333333333333
2016-08,Men's Footwear,725,3.3710344827586205,47.44827586206897,381,52.55172413793103
2016-08,Shop By Sport,342,3.391812865497076,47.368421052631575,180,52.63157894736842
2016-08,Tennis & Racquet,8,3.75,37.5,5,62.5
2016-08,Trade-In,33,3.515151515151515,45.45454545454545,18,54.54545454545454
2016-08,Water Sports,459,3.363834422657952,47.712418300653596,240,52.28758169934641
2016-08,Women's Apparel,687,3.4192139737991267,45.70596797671033,373,54.29403202328966
2016-09,Accessories,61,3.8524590163934427,42.62295081967213,35,57.377049180327866
2016-09,Baseball & Softball,19,3.5789473684210527,36.84210526315789,12,63.1578947368421
2016-09,Boxing & MMA,8,3.25,37.5,5,62.5
2016-09,Camping & Hiking,385,3.444155844155844,44.675324675324674,213,55.32467532467532
2016-09,Cardio Equipment,348,3.5172413793103448,43.67816091954023,196,56.32183908045977
2016-09,Cleats,755,3.4304635761589406,45.16556291390729,414,54.83443708609271
2016-09,Electronics,119,3.4789915966386555,51.26050420168067,58,48.739495798319325
2016-09,Fishing,508,3.5236220472440944,44.29133858267716,283,55.70866141732284
2016-09,Fitness Accessories,8,4.375,25.0,6,75.0
2016-09,Girls' Apparel,44,3.5681818181818183,50.0,22,50.0
2016-09,Golf Apparel,13,3.6923076923076925,46.15384615384615,7,53.84615384615385
2016-09,Golf Balls,67,3.4776119402985075,49.25373134328358,34,50.74626865671642
2016-09,Golf Gloves,22,3.8181818181818183,50.0,11,50.0
2016-09,Golf Shoes,11,3.272727272727273,63.63636363636363,4,36.36363636363637
2016-09,Hockey,17,2.9411764705882355,52.94117647058824,8,47.05882352941176
2016-09,Hunting & Shooting,17,3.3529411764705883,52.94117647058824,8,47.05882352941176
2016-09,Indoor/Outdoor Games,598,3.4331103678929766,44.314381270903006,333,55.68561872909699
2016-09,Lacrosse,8,3.875,25.0,6,75.0
2016-09,Men's Footwear,684,3.492690058479532,44.44444444444444,380,55.55555555555556
2016-09,Shop By Sport,323,3.3405572755417956,48.297213622291025,167,51.702786377708975
2016-09,Tennis & Racquet,13,3.3076923076923075,46.15384615384615,7,53.84615384615385
2016-09,Trade-In,39,3.41025641025641,41.02564102564102,23,58.97435897435898
2016-09,Water Sports,473,3.5454545454545454,43.97463002114165,265,56.02536997885835
2016-09,Women's Apparel,620,3.3693548387096772,46.29032258064516,333,53.70967741935484
2016-10,Accessories,72,3.625,43.05555555555556,41,56.94444444444444
2016-10,Baseball & Softball,20,3.45,45.0,11,55.00000000000001
2016-10,Boxing & MMA,14,2.5,64.28571428571429,5,35.714285714285715
2016-10,Camping & Hiking,422,3.300947867298578,49.052132701421804,215,50.947867298578196
2016-10,Cardio Equipment,367,3.3923705722070845,49.04632152588556,187,50.95367847411444
2016-10,Cleats,753,3.49933598937583,45.0199203187251,414,54.980079681274894
2016-10,Electronics,126,3.634920634920635,49.2063492063492,64,50.79365079365079
2016-10,Fishing,509,3.3850687622789786,46.36542239685658,273,53.63457760314342
2016-10,Fitness Accessories,9,2.888888888888889,55.55555555555556,4,44.44444444444444
2016-10,Girls' Apparel,47,3.2127659574468086,51.06382978723404,23,48.93617021276596
2016-10,Golf Apparel,10,3.0,60.0,4,40.0
2016-10,Golf Balls,52,3.4423076923076925,44.230769230769226,29,55.769230769230774
2016-10,Golf Gloves,34,3.588235294117647,32.35294117647059,23,67.64705882352942
2016-10,Golf Shoes,13,3.6153846153846154,53.84615384615385,6,46.15384615384615
2016-10,Hockey,20,3.9,30.0,14,70.0
2016-10,Hunting & Shooting,10,2.4,70.0,3,30.0
2016-10,Indoor/Outdoor Games,649,3.4453004622496146,50.231124807396,323,49.76887519260401
2016-10,Lacrosse,13,4.3076923076923075,30.76923076923077,9,69.23076923076923
2016-10,Men's Footwear,725,3.444137931034483,44.13793103448276,405,55.86206896551724
2016-10,Shop By Sport,337,3.4896142433234423,44.21364985163205,188,55.78635014836796
2016-10,Tennis & Racquet,8,3.5,25.0,6,75.0
2016-10,Trade-In,36,3.6666666666666665,27.77777777777778,26,72.22222222222221
2016-10,Water Sports,490,3.4326530612244897,46.326530612244895,263,53.673469387755105
2016-10,Women's Apparel,662,3.379154078549849,39.274924471299094,402,60.72507552870091
2016-11,Accessories,68,3.8823529411764706,36.76470588235294,43,63.23529411764706
2016-11,Baseball & Softball,18,3.0,50.0,9,50.0
2016-11,Boxing & MMA,17,3.4705882352941178,47.05882352941176,9,52.94117647058824
2016-11,Camping & Hiking,426,3.4530516431924885,47.652582159624416,223,52.347417840375584
2016-11,Cardio Equipment,382,3.4764397905759163,49.21465968586388,194,50.78534031413613
2016-11,Cleats,737,3.5359565807327002,44.91180461329715,406,55.08819538670286
2016-11,Electronics,116,3.4741379310344827,45.689655172413794,63,54.310344827586206
2016-11,Fishing,560,3.5375,40.714285714285715,332,59.285714285714285
2016-11,Fitness Accessories,10,3.8,50.0,5,50.0
2016-11,Girls' Apparel,30,3.933333333333333,33.33333333333333,20,66.66666666666666
2016-11,Golf Apparel,12,3.4166666666666665,33.33333333333333,8,66.66666666666666
2016-11,Golf Balls,48,3.4375,41.66666666666667,28,58.333333333333336
2016-11,Golf Gloves,39,3.8461538461538463,30.76923076923077,27,69.23076923076923
2016-11,Golf Shoes,3,4.333333333333333,33.33333333333333,2,66.66666666666666
2016-11,Hockey,20,3.2,60.0,8,40.0
2016-11,Hunting & Shooting,13,3.769230769230769,53.84615384615385,6,46.15384615384615
2016-11,Indoor/Outdoor Games,574,3.4529616724738674,46.16724738675958,309,53.83275261324042
2016-11,Lacrosse,11,4.0,27.27272727272727,8,72.72727272727273
2016-11,Men's Footwear,656,3.5716463414634148,44.96951219512195,361,55.03048780487805
2016-11,Shop By Sport,332,3.4819277108433737,45.48192771084337,181,54.51807228915663
2016-11,Tennis & Racquet,12,3.5833333333333335,66.66666666666666,4,33.33333333333333
2016-11,Trade-In,24,3.75,33.33333333333333,16,66.66666666666666
2016-11,Water Sports,475,3.446315789473684,44.21052631578947,265,55.78947368421052
2016-11,Women's Apparel,627,3.416267942583732,50.558213716108455,310,49.441786283891545
2016-12,Accessories,74,3.2027027027027026,41.891891891891895,43,58.108108108108105
2016-12,Baseball & Softball,20,3.25,40.0,12,60.0
2016-12,Boxing & MMA,9,3.7777777777777777,22.22222222222222,7,77.77777777777779
2016-12,Camping & Hiking,395,3.3240506329113924,44.050632911392405,221,55.949367088607595
2016-12,Cardio Equipment,394,3.472081218274112,43.65482233502538,222,56.34517766497462
2016-12,Cleats,771,3.5006485084306096,45.13618677042802,423,54.86381322957199
2016-12,Electronics,104,3.6923076923076925,41.34615384615385,61,58.65384615384615
2016-12,Fishing,525,3.453333333333333,44.19047619047619,293,55.80952380952381
2016-12,Fitness Accessories,13,3.6153846153846154,61.53846153846154,5,38.46153846153847
2016-12,Girls' Apparel,46,3.6956521739130435,23.91304347826087,35,76.08695652173914
2016-12,Golf Apparel,11,4.090909090909091,45.45454545454545,6,54.54545454545454
2016-12,Golf Balls,61,3.557377049180328,39.34426229508197,37,60.65573770491803
2016-12,Golf Gloves,36,3.861111111111111,38.88888888888889,22,61.111111111111114
2016-12,Golf Shoes,13,3.3846153846153846,53.84615384615385,6,46.15384615384615
2016-12,Hockey,21,2.761904761904762,57.14285714285714,9,42.857142857142854
2016-12,Hunting & Shooting,11,3.727272727272727,18.181818181818183,9,81.81818181818183
2016-12,Indoor/Outdoor Games,606,3.4207920792079207,42.244224422442244,350,57.755775577557756
2016-12,Lacrosse,14,3.7142857142857144,14.285714285714285,12,85.71428571428571
2016-12,Men's Footwear,686,3.497084548104956,43.58600583090379,387,56.41399416909621
2016-12,Shop By Sport,336,3.3720238095238093,45.23809523809524,184,54.761904761904766
2016-12,Tennis & Racquet,14,2.5714285714285716,57.14285714285714,6,42.857142857142854
2016-12,Trade-In,32,3.4375,40.625,19,59.375
2016-12,Water Sports,446,3.475336322869955,44.39461883408072,248,55.60538116591929
2016-12,Women's Apparel,631,3.4294770206022185,43.10618066561015,359,56.89381933438986
2017-01,Accessories,64,3.828125,40.625,38,59.375
2017-01,Baseball & Softball,24,3.75,41.66666666666667,14,58.333333333333336
2017-01,Boxing & MMA,11,3.4545454545454546,36.36363636363637,7,63.63636363636363
2017-01,Camping & Hiking,425,3.4235294117647057,49.88235294117647,213,50.117647058823536
2017-01,Cardio Equipment,403,3.568238213399504,48.635235732009924,207,51.36476426799007
2017-01,Cleats,757,3.583883751651255,47.6882430647292,396,52.3117569352708
2017-01,Electronics,95,3.526315789473684,47.368421052631575,50,52.63157894736842
2017-01,Fishing,503,3.6083499005964215,43.141153081510936,286,56.85884691848907
2017-01,Fitness Accessories,11,3.5454545454545454,54.54545454545454,5,45.45454545454545
2017-01,Girls' Apparel,30,3.2333333333333334,36.666666666666664,19,63.33333333333333
2017-01,Golf Apparel,9,3.6666666666666665,55.55555555555556,4,44.44444444444444
2017-01,Golf Balls,54,3.259259259259259,46.2962962962963,29,53.70370370370371
2017-01,Golf Gloves,24,3.25,33.33333333333333,16,66.66666666666666
2017-01,Golf Shoes,10,3.2,70.0,3,30.0
2017-01,Hockey,13,4.153846153846154,46.15384615384615,7,53.84615384615385
2017-01,Hunting & Shooting,10,3.3,50.0,5,50.0
2017-01,Indoor/Outdoor Games,614,3.583061889250814,42.508143322475576,353,57.49185667752443
2017-01,Lacrosse,14,3.0,71.42857142857143,4,28.57142857142857
2017-01,Men's Footwear,663,3.484162895927602,49.62292609351433,334,50.37707390648567
2017-01,Shop By Sport,355,3.5971830985915494,46.19718309859155,191,53.80281690140845
2017-01,Tennis & Racquet,14,3.4285714285714284,35.714285714285715,9,64.28571428571429
2017-01,Trade-In,28,3.9285714285714284,53.57142857142857,13,46.42857142857143
2017-01,Water Sports,432,3.511574074074074,44.907407407407405,238,55.092592592592595
2017-01,Women's Apparel,654,3.529051987767584,48.92966360856269,334,51.07033639143731
2017-02,Accessories,59,3.4915254237288136,49.152542372881356,30,50.847457627118644
2017-02,Baseball & Softball,17,3.0588235294117645,52.94117647058824,8,47.05882352941176
2017-02,Boxing & MMA,10,3.2,50.0,5,50.0
2017-02,Camping & Hiking,422,3.5402843601895735,42.65402843601896,242,57.345971563981045
2017-02,Cardio Equipment,398,3.527638190954774,43.21608040201005,226,56.78391959798995
2017-02,Cleats,696,3.4080459770114944,46.695402298850574,371,53.304597701149426
2017-02,Electronics,101,3.297029702970297,42.57425742574257,58,57.42574257425742
2017-02,Fishing,481,3.528066528066528,44.07484407484408,269,55.92515592515592
2017-02,Fitness Accessories,9,4.111111111111111,33.33333333333333,6,66.66666666666666
2017-02,Girls' Apparel,40,3.35,47.5,21,52.5
2017-02,Golf Apparel,9,3.6666666666666665,44.44444444444444,5,55.55555555555556
2017-02,Golf Balls,48,3.7291666666666665,31.25,33,68.75
2017-02,Golf Gloves,29,3.7586206896551726,44.827586206896555,16,55.172413793103445
2017-02,Golf Shoes,15,3.6666666666666665,40.0,9,60.0
2017-02,Hockey,22,3.227272727272727,31.818181818181817,15,68.18181818181817
2017-02,Hunting & Shooting,7,3.4285714285714284,57.14285714285714,3,42.857142857142854
2017-02,Indoor/Outdoor Games,578,3.434256055363322,46.19377162629758,311,53.806228373702425
2017-02,Lacrosse,14,3.142857142857143,42.857142857142854,8,57.14285714285714
2017-02,Men's Footwear,579,3.550949913644214,46.80483592400691,308,53.1951640759931
2017-02,Shop By Sport,268,3.33955223880597,48.134328358208954,139,51.865671641791046
2017-02,Tennis & Racquet,13,4.769230769230769,23.076923076923077,10,76.92307692307693
2017-02,Trade-In,24,3.125,50.0,12,50.0
2017-02,Water Sports,443,3.4650112866817158,48.98419864559819,226,51.0158013544018
2017-02,Women's Apparel,624,3.483974358974359,46.794871794871796,332,53.205128205128204
2017-03,Accessories,69,3.608695652173913,52.17391304347826,33,47.82608695652174
2017-03,Baseball & Softball,28,3.5,32.142857142857146,19,67.85714285714286
2017-03,Boxing & MMA,9,3.5555555555555554,44.44444444444444,5,55.55555555555556
2017-03,Camping & Hiking,450,3.562222222222222,41.77777777777778,262,58.22222222222222
2017-03,Cardio Equipment,361,3.487534626038781,42.65927977839335,207,57.340720221606645
2017-03,Cleats,756,3.4497354497354498,46.82539682539682,402,53.17460317460318
2017-03,Electronics,116,3.560344827586207,40.51724137931034,69,59.48275862068966
2017-03,Fishing,516,3.4786821705426356,48.643410852713174,265,51.356589147286826
2017-03,Fitness Accessories,11,2.090909090909091,63.63636363636363,4,36.36363636363637
2017-03,Girls' Apparel,40,3.5,45.0,22,55.00000000000001
2017-03,Golf Apparel,7,3.0,28.57142857142857,5,71.42857142857143
2017-03,Golf Balls,46,3.608695652173913,43.47826086956522,26,56.52173913043478
2017-03,Golf Gloves,34,3.411764705882353,44.11764705882353,19,55.88235294117647
2017-03,Golf Shoes,8,3.25,62.5,3,37.5
2017-03,Hockey,17,3.2941176470588234,41.17647058823529,10,58.82352941176471
2017-03,Hunting & Shooting,12,4.5,33.33333333333333,8,66.66666666666666
2017-03,Indoor/Outdoor Games,592,3.4864864864864864,42.39864864864865,341,57.60135135135135
2017-03,Lacrosse,11,3.4545454545454546,45.45454545454545,6,54.54545454545454
2017-03,Men's Footwear,726,3.4173553719008263,46.41873278236915,389,53.58126721763086
2017-03,Shop By Sport,347,3.585014409221902,44.38040345821326,193,55.61959654178674
2017-03,Tennis & Racquet,9,3.4444444444444446,44.44444444444444,5,55.55555555555556
2017-03,Trade-In,32,3.25,40.625,19,59.375
2017-03,Water Sports,495,3.2404040404040404,47.070707070707066,262,52.92929292929293
2017-03,Women's Apparel,655,3.4167938931297708,47.63358778625954,343,52.36641221374045
2017-04,Accessories,49,3.4489795918367347,38.775510204081634,30,61.224489795918366
2017-04,As Seen on  TV!,2,3.0,100.0,0,0.0
2017-04,Baseball & Softball,21,3.1904761904761907,66.66666666666666,7,33.33333333333333
2017-04,Boxing & MMA,14,3.7142857142857144,35.714285714285715,9,64.28571428571429
2017-04,Camping & Hiking,436,3.623853211009174,42.88990825688073,249,57.11009174311926
2017-04,Cardio Equipment,355,3.6225352112676057,42.25352112676056,205,57.74647887323944
2017-04,Cleats,743,3.414535666218035,45.62584118438762,404,54.37415881561238
2017-04,Electronics,76,3.289473684210526,48.68421052631579,39,51.31578947368421
2017-04,Fishing,517,3.644100580270793,45.45454545454545,282,54.54545454545454
2017-04,Fitness Accessories,3,3.3333333333333335,33.33333333333333,2,66.66666666666666
2017-04,Girls' Apparel,36,3.5277777777777777,36.11111111111111,23,63.888888888888886
2017-04,Golf Apparel,25,3.28,52.0,12,48.0
2017-04,Golf Bags & Carts,4,4.0,25.0,3,75.0
2017-04,Golf Balls,36,3.8055555555555554,44.44444444444444,20,55.55555555555556
2017-04,Golf Gloves,28,3.392857142857143,39.285714285714285,17,60.71428571428571
2017-04,Golf Shoes,23,4.086956521739131,39.130434782608695,14,60.86956521739131
2017-04,Hockey,12,1.8333333333333333,75.0,3,25.0
2017-04,Hunting & Shooting,25,3.32,48.0,13,52.0
2017-04,Indoor/Outdoor Games,615,3.55609756097561,46.99186991869919,326,53.008130081300806
2017-04,Kids' Golf Clubs,17,4.294117647058823,47.05882352941176,9,52.94117647058824
2017-04,Lacrosse,12,4.083333333333333,41.66666666666667,7,58.333333333333336
2017-04,Men's Footwear,664,3.533132530120482,46.3855421686747,356,53.6144578313253
2017-04,Men's Golf Clubs,15,3.6,20.0,12,80.0
2017-04,Shop By Sport,345,3.5304347826086957,47.2463768115942,182,52.7536231884058
2017-04,Soccer,6,3.8333333333333335,66.66666666666666,2,33.33333333333333
2017-04,Strength Training,4,4.75,50.0,2,50.0
2017-04,Tennis & Racquet,8,3.25,75.0,2,25.0
2017-04,Trade-In,34,3.6176470588235294,35.294117647058826,22,64.70588235294117
2017-04,Water Sports,481,3.4365904365904365,46.56964656964657,257,53.43035343035343
2017-04,Women's Apparel,593,3.5025295109612142,44.18212478920742,331,55.81787521079258
2017-04,Women's Golf Clubs,13,3.923076923076923,23.076923076923077,10,76.92307692307693
2017-05,As Seen on  TV!,18,4.388888888888889,33.33333333333333,12,66.66666666666666
2017-05,Baseball & Softball,15,3.933333333333333,26.666666666666668,11,73.33333333333333
2017-05,Boxing & MMA,21,3.5714285714285716,61.904761904761905,8,38.095238095238095
2017-05,Camping & Hiking,451,3.4412416851441243,45.23281596452328,247,54.767184035476724
2017-05,Cardio Equipment,360,3.2416666666666667,49.44444444444444,182,50.55555555555556
2017-05,Cleats,733,3.417462482946794,46.65757162346521,391,53.34242837653479
2017-05,Fishing,534,3.398876404494382,44.38202247191011,297,55.61797752808989
2017-05,Golf Apparel,22,3.4545454545454546,50.0,11,50.0
2017-05,Golf Bags & Carts,18,3.2222222222222223,27.77777777777778,13,72.22222222222221
2017-05,Golf Gloves,48,3.3541666666666665,52.083333333333336,23,47.91666666666667
2017-05,Golf Shoes,42,3.1904761904761907,54.761904761904766,19,45.23809523809524
2017-05,Hunting & Shooting,25,3.2,60.0,10,40.0
2017-05,Indoor/Outdoor Games,589,3.4889643463497455,43.463497453310694,333,56.536502546689306
2017-05,Kids' Golf Clubs,66,3.515151515151515,43.93939393939394,37,56.060606060606055
2017-05,Lacrosse,18,3.388888888888889,44.44444444444444,10,55.55555555555556
2017-05,Men's Footwear,740,3.4148648648648647,44.054054054054056,414,55.945945945945944
2017-05,Men's Golf Clubs,68,3.573529411764706,44.11764705882353,38,55.88235294117647
2017-05,Shop By Sport,347,3.4755043227665707,46.97406340057637,184,53.02593659942363
2017-05,Soccer,35,3.3142857142857145,54.285714285714285,16,45.714285714285715
2017-05,Strength Training,7,3.857142857142857,14.285714285714285,6,85.71428571428571
2017-05,Trade-In,18,3.8333333333333335,50.0,9,50.0
2017-05,Water Sports,485,3.4453608247422682,45.154639175257735,266,54.84536082474227
2017-05,Women's Apparel,617,3.4489465153970826,46.19124797406807,332,53.80875202593193
2017-05,Women's Golf Clubs,40,3.825,45.0,22,55.00000000000001
2017-06,As Seen on  TV!,10,2.9,40.0,6,60.0
2017-06,Baseball & Softball,12,3.4166666666666665,50.0,6,50.0
2017-06,Boxing & MMA,32,2.96875,50.0,16,50.0
2017-06,Camping & Hiking,410,3.548780487804878,45.36585365853659,224,54.63414634146342
2017-06,Cardio Equipment,325,3.3876923076923076,48.92307692307693,166,51.07692307692307
2017-06,Cleats,653,3.581929555895865,43.49157733537519,369,56.50842266462482
2017-06,Fishing,524,3.5591603053435112,42.93893129770993,299,57.06106870229007
2017-06,Golf Apparel,30,3.3,50.0,15,50.0
2017-06,Golf Bags & Carts,11,3.272727272727273,18.181818181818183,9,81.81818181818183
2017-06,Golf Gloves,45,3.022222222222222,46.666666666666664,24,53.333333333333336
2017-06,Golf Shoes,56,3.2142857142857144,48.214285714285715,29,51.78571428571429
2017-06,Hunting & Shooting,18,3.388888888888889,55.55555555555556,8,44.44444444444444
2017-06,Indoor/Outdoor Games,526,3.6368821292775664,43.155893536121674,299,56.84410646387833
2017-06,Kids' Golf Clubs,59,3.288135593220339,62.71186440677966,22,37.28813559322034
2017-06,Lacrosse,12,3.5,41.66666666666667,7,58.333333333333336
2017-06,Men's Footwear,675,3.4637037037037035,48.592592592592595,347,51.40740740740741
2017-06,Men's Golf Clubs,59,2.9661016949152543,69.49152542372882,18,30.508474576271187
2017-06,Shop By Sport,319,3.4482758620689653,48.275862068965516,165,51.724137931034484
2017-06,Soccer,30,4.033333333333333,46.666666666666664,16,53.333333333333336
2017-06,Strength Training,13,3.3846153846153846,61.53846153846154,5,38.46153846153847
2017-06,Trade-In,9,3.3333333333333335,44.44444444444444,5,55.55555555555556
2017-06,Water Sports,461,3.422993492407809,50.32537960954448,229,49.67462039045553
2017-06,Women's Apparel,628,3.468152866242038,45.382165605095544,343,54.61783439490446
2017-06,Women's Golf Clubs,34,3.5588235294117645,38.23529411764706,21,61.76470588235294
2017-07,As Seen on  TV!,19,3.210526315789474,52.63157894736842,9,47.368421052631575
2017-07,Baseball & Softball,14,3.2857142857142856,42.857142857142854,8,57.14285714285714
2017-07,Boxing & MMA,30,3.433333333333333,63.33333333333333,11,36.666666666666664
2017-07,Camping & Hiking,431,3.4524361948955917,46.635730858468676,230,53.36426914153132
2017-07,Cardio Equipment,390,3.4923076923076923,44.61538461538462,216,55.38461538461539
2017-07,Cleats,783,3.450830140485313,44.44444444444444,435,55.55555555555556
2017-07,Fishing,545,3.381651376146789,48.07339449541285,283,51.92660550458715
2017-07,Golf Apparel,26,3.076923076923077,50.0,13,50.0
2017-07,Golf Bags & Carts,12,3.5,41.66666666666667,7,58.333333333333336
2017-07,Golf Gloves,31,4.0,25.806451612903224,23,74.19354838709677
2017-07,Golf Shoes,46,3.3043478260869565,47.82608695652174,24,52.17391304347826
2017-07,Hunting & Shooting,27,3.6296296296296298,55.55555555555556,12,44.44444444444444
2017-07,Indoor/Outdoor Games,563,3.3960923623445827,44.760213143872114,311,55.23978685612788
2017-07,Kids' Golf Clubs,65,3.9076923076923076,38.46153846153847,40,61.53846153846154
2017-07,Lacrosse,13,3.769230769230769,38.46153846153847,8,61.53846153846154
2017-07,Men's Footwear,707,3.4936350777934937,43.42291371994342,400,56.57708628005658
2017-07,Men's Golf Clubs,62,3.3548387096774195,61.29032258064516,24,38.70967741935484
2017-07,Shop By Sport,352,3.2954545454545454,42.61363636363637,202,57.38636363636363
2017-07,Soccer,31,3.838709677419355,38.70967741935484,19,61.29032258064516
2017-07,Strength Training,14,3.5714285714285716,50.0,7,50.0
2017-07,Trade-In,15,3.466666666666667,26.666666666666668,11,73.33333333333333
2017-07,Water Sports,471,3.4076433121019107,48.19532908704883,244,51.80467091295117
2017-07,Women's Apparel,631,3.2852614896988905,47.70206022187005,330,52.29793977812995
2017-07,Women's Golf Clubs,40,3.2,52.5,19,47.5
2017-08,As Seen on  TV!,15,3.6,33.33333333333333,10,66.66666666666666
2017-08,Baseball & Softball,14,3.0714285714285716,42.857142857142854,8,57.14285714285714
2017-08,Boxing & MMA,33,3.878787878787879,33.33333333333333,22,66.66666666666666
2017-08,Camping & Hiking,391,3.5319693094629154,42.96675191815857,223,57.033248081841435
2017-08,Cardio Equipment,377,3.4588859416445623,46.41909814323608,202,53.58090185676393
2017-08,Cleats,754,3.4787798408488064,43.50132625994695,426,56.49867374005305
2017-08,Fishing,548,3.4872262773722627,43.43065693430657,310,56.56934306569343
2017-08,Golf Apparel,41,3.4634146341463414,60.97560975609756,16,39.02439024390244
2017-08,Golf Bags & Carts,16,3.1875,43.75,9,56.25
2017-08,Golf Gloves,41,3.902439024390244,39.02439024390244,25,60.97560975609756
2017-08,Golf Shoes,46,3.652173913043478,45.65217391304348,25,54.347826086956516
2017-08,Hunting & Shooting,29,2.9655172413793105,51.724137931034484,14,48.275862068965516
2017-08,Indoor/Outdoor Games,571,3.5779334500875657,43.78283712784589,321,56.21716287215411
2017-08,Kids' Golf Clubs,67,3.388059701492537,43.28358208955223,38,56.71641791044776
2017-08,Lacrosse,12,3.6666666666666665,41.66666666666667,7,58.333333333333336
2017-08,Men's Footwear,678,3.4808259587020647,45.42772861356932,370,54.572271386430685
2017-08,Men's Golf Clubs,58,3.603448275862069,43.103448275862064,33,56.896551724137936
2017-08,Shop By Sport,317,3.4353312302839116,41.6403785488959,185,58.359621451104104
2017-08,Soccer,29,3.4827586206896552,37.93103448275862,18,62.06896551724138
2017-08,Strength Training,22,4.136363636363637,31.818181818181817,15,68.18181818181817
2017-08,Trade-In,25,3.88,36.0,16,64.0
2017-08,Water Sports,516,3.4166666666666665,47.674418604651166,270,52.32558139534884
2017-08,Women's Apparel,657,3.452054794520548,41.70471841704718,383,58.29528158295282
2017-08,Women's Golf Clubs,48,3.4583333333333335,47.91666666666667,25,52.083333333333336
2017-09,As Seen on  TV!,4,4.25,50.0,2,50.0
2017-09,Baseball & Softball,5,3.0,40.0,3,60.0
2017-09,Basketball,59,3.389830508474576,40.67796610169492,35,59.32203389830508
2017-09,Boxing & MMA,13,3.230769230769231,38.46153846153847,8,61.53846153846154
2017-09,Camping & Hiking,436,3.2844036697247705,47.935779816513765,227,52.06422018348624
2017-09,Cardio Equipment,380,3.455263157894737,47.63157894736842,199,52.368421052631575
2017-09,Cleats,730,3.304109589041096,48.08219178082192,379,51.917808219178085
2017-09,Fishing,566,3.363957597173145,47.879858657243815,295,52.120141342756185
2017-09,Fitness Accessories,7,3.2857142857142856,28.57142857142857,5,71.42857142857143
2017-09,Golf Apparel,7,4.571428571428571,28.57142857142857,5,71.42857142857143
2017-09,Golf Gloves,51,3.7058823529411766,39.21568627450981,31,60.78431372549019
2017-09,Golf Shoes,13,3.076923076923077,53.84615384615385,6,46.15384615384615
2017-09,Hockey,27,3.4074074074074074,48.148148148148145,14,51.85185185185185
2017-09,Hunting & Shooting,7,2.4285714285714284,57.14285714285714,3,42.857142857142854
2017-09,Indoor/Outdoor Games,553,3.426763110307414,47.01627486437613,293,52.98372513562387
2017-09,Kids' Golf Clubs,103,3.737864077669903,35.92233009708738,66,64.07766990291263
2017-09,Lacrosse,5,3.8,20.0,4,80.0
2017-09,Men's Footwear,662,3.486404833836858,46.676737160120844,353,53.32326283987915
2017-09,Men's Golf Clubs,21,3.9523809523809526,38.095238095238095,13,61.904761904761905
2017-09,Shop By Sport,328,3.4939024390243905,45.1219512195122,180,54.87804878048781
2017-09,Soccer,7,4.142857142857143,57.14285714285714,3,42.857142857142854
2017-09,Strength Training,42,3.5714285714285716,40.476190476190474,25,59.523809523809526
2017-09,Trade-In,4,4.75,25.0,3,75.0
2017-09,Water Sports,512,3.322265625,43.75,288,56.25
2017-09,Women's Apparel,641,3.5834633385335413,45.70982839313572,348,54.29017160686428
2017-09,Women's Golf Clubs,6,4.0,33.33333333333333,4,66.66666666666666
2017-10,Baby ,82,3.1341463414634148,59.756097560975604,33,40.243902439024396
2017-10,Basketball,8,4.0,37.5,5,62.5
2017-10,Books ,308,3.3214285714285716,49.67532467532468,155,50.324675324675326
2017-10,CDs ,133,3.481203007518797,46.616541353383454,71,53.383458646616546
2017-10,Cameras ,575,3.328695652173913,39.65217391304348,347,60.34782608695652
2017-10,Camping & Hiking,15,3.8,53.333333333333336,7,46.666666666666664
2017-10,Cardio Equipment,22,4.2272727272727275,54.54545454545454,10,45.45454545454545
2017-10,Children's Clothing,522,3.5900383141762453,45.01915708812261,287,54.98084291187739
2017-10,Cleats,37,3.72972972972973,59.45945945945946,15,40.54054054054054
2017-10,Computers,350,3.577142857142857,48.57142857142857,180,51.42857142857142
2017-10,Consumer Electronics,49,3.5918367346938775,42.857142857142854,28,57.14285714285714
2017-10,Fishing,17,3.588235294117647,47.05882352941176,9,52.94117647058824
2017-10,Fitness Accessories,3,4.0,66.66666666666666,1,33.33333333333333
2017-10,Indoor/Outdoor Games,25,4.4,32.0,17,68.0
2017-10,Kids' Golf Clubs,7,3.0,57.14285714285714,3,42.857142857142854
2017-10,Men's Footwear,32,3.5,56.25,14,43.75
2017-10,Shop By Sport,9,3.4444444444444446,44.44444444444444,5,55.55555555555556
2017-10,Strength Training,9,3.6666666666666665,55.55555555555556,4,44.44444444444444
2017-10,Water Sports,25,3.76,64.0,9,36.0
2017-10,Women's Apparel,27,3.4814814814814814,51.85185185185185,13,48.148148148148145
2017-11,Consumer Electronics,236,3.2838983050847457,45.33898305084746,129,54.66101694915254
2017-11,Crafts,231,3.5974025974025974,42.857142857142854,132,57.14285714285714
2017-11,DVDs,367,3.6049046321525884,46.59400544959128,196,53.40599455040872
2017-11,Garden,388,3.4304123711340204,47.680412371134025,203,52.31958762886598
2017-11,Health and Beauty,239,3.5313807531380754,43.09623430962343,136,56.903765690376574
2017-11,Men's Clothing,177,3.559322033898305,48.58757062146893,91,51.41242937853108
2017-11,Music,290,3.4413793103448276,42.758620689655174,166,57.24137931034483
2017-11,Pet Supplies,127,3.47244094488189,40.15748031496063,76,59.84251968503938
2017-12,Baby ,125,3.04,48.0,65,52.0
2017-12,Books ,97,3.268041237113402,53.608247422680414,45,46.391752577319586
2017-12,CDs ,138,3.369565217391304,50.72463768115942,68,49.275362318840585
2017-12,Cameras ,17,3.176470588235294,29.411764705882355,12,70.58823529411765
2017-12,Children's Clothing,130,3.5846153846153848,46.15384615384615,70,53.84615384615385
2017-12,Computers,92,3.7282608695652173,45.65217391304348,50,54.347826086956516
2017-12,Consumer Electronics,146,3.4863013698630136,45.89041095890411,79,54.109589041095894
2017-12,Crafts,253,3.5375494071146245,40.71146245059288,150,59.28853754940712
2017-12,DVDs,109,3.761467889908257,48.62385321100918,56,51.37614678899083
2017-12,Pet Supplies,119,3.2605042016806722,42.016806722689076,69,57.98319327731093
2017-12,Sporting Goods,145,3.5448275862068965,45.51724137931035,79,54.48275862068965
2017-12,Toys,253,3.3794466403162056,41.10671936758894,149,58.89328063241107
2017-12,Video Games,228,3.6447368421052633,49.56140350877193,115,50.43859649122807
2017-12,Women's Clothing,272,3.389705882352941,46.32352941176471,146,53.67647058823529
2018-01,DVDs,7,2.0,0.0,7,100.0
2018-01,Garden,96,3.6145833333333335,39.58333333333333,58,60.416666666666664
2018-01,Health and Beauty,123,3.2764227642276422,42.27642276422765,71,57.72357723577236
2018-01,Men's Clothing,31,2.4516129032258065,32.25806451612903,21,67.74193548387096
2018-01,Music,144,3.486111111111111,44.44444444444444,80,55.55555555555556
2018-01,Pet Supplies,246,3.313008130081301,45.52845528455284,134,54.47154471544715
2018-01,Sporting Goods,212,3.3962264150943398,41.9811320754717,123,58.01886792452831
2018-01,Toys,276,3.608695652173913,45.65217391304348,150,54.347826086956516
2018-01,Video Games,610,3.5311475409836066,45.40983606557377,333,54.59016393442623
2018-01,Women's Clothing,378,3.5925925925925926,43.12169312169312,215,56.87830687830689
